,gender,email,phone,cell,nat,name.title,name.first,name.last,location.street.number,location.street.name,location.city,location.state,location.country,location.postcode,location.coordinates.latitude,location.coordinates.longitude,location.timezone.offset,location.timezone.description,login.uuid,login.username,login.password,login.salt,login.md5,login.sha1,login.sha256,dob.date,dob.age,registered.date,registered.age,id.name,id.value,picture.large,picture.medium,picture.thumbnail
0,female,birgit.muller@example.com,077 003 62 24,078 510 47 00,CH,Madame,Birgit,Muller,7241,Place de L'Abbé-Basset,Bioley-Magnoux,Basel-Landschaft,Switzerland,4515,-55.9893,130.7123,+2:00,"Kaliningrad, South Africa",2b58b312-1fda-433b-9e3e-feaebb69005a,whitezebra932,clipper,9ZMlmSK4,c4e317bf11c8118843c6036e431caf7e,8053c0c671c271641f01f9dd4b3b981186cba09a,cc90946a8dfb09a0d181a3db6acf31adab35f35d021f9ae971cc5f55b1a19840,1980-04-01T17:37:39.768Z,45,2020-04-08T19:15:19.164Z,5,AVS,756.3932.8982.86,https://randomuser.me/api/portraits/women/67.jpg,https://randomuser.me/api/portraits/med/women/67.jpg,https://randomuser.me/api/portraits/thumb/women/67.jpg
1,female,drs.sltnynjd@example.com,044-70537514,0921-666-9418,IR,Mrs,درسا,سلطانی نژاد,1965,شهید دکتر آیت,آبادان,آذربایجان شرقی,Iran,46523,29.9332,-103.0896,+1:00,"Brussels, Copenhagen, Madrid, Paris",b3b80395-2947-4c95-9a80-63fab8273fd2,crazyleopard322,teddy1,8RkpihgE,37ed9ca3c1d07720a6096f7ae33d8498,af816d3ae1cc5040c2092960ebf96089389394a6,7614742a5a5aee89a9bfac2c286ebbfd7f2b291b5c6b61a1398209783a1623fc,1979-06-02T11:51:21.292Z,46,2006-01-16T11:17:53.189Z,19,,,https://randomuser.me/api/portraits/women/62.jpg,https://randomuser.me/api/portraits/med/women/62.jpg,https://randomuser.me/api/portraits/thumb/women/62.jpg
2,female,amelia.scott@example.com,021-722-2626,081-928-9562,IE,Mrs,Amelia,Scott,3124,York Road,Lusk,Waterford,Ireland,58129,40.8499,-14.0947,-12:00,"Eniwetok, Kwajalein",e6259c74-0fe6-4518-b42b-ab40db6cc9d0,bluebutterfly571,climber,c7m5Zx81,c35a9cc112b22ebeb66ddc3a23c33caf,fabab4c055ca5d2d7da734050747745316d9eb84,d124b6c5858b622cd8a110f87b81420fb223615523b4827ceaf64821a831b4ed,1945-01-11T14:18:56.574Z,80,2003-03-26T23:27:55.954Z,22,PPS,4151306T,https://randomuser.me/api/portraits/women/90.jpg,https://randomuser.me/api/portraits/med/women/90.jpg,https://randomuser.me/api/portraits/thumb/women/90.jpg
3,female,veronika.yurkovskiy@example.com,(098) V96-2621,(068) G00-4188,UA,Miss,Veronika,Yurkovskiy,3870,Patriotiv,Bryanka,Harkivska,Ukraine,65702,20.0280,-17.0179,+9:00,"Tokyo, Seoul, Osaka, Sapporo, Yakutsk",e43666df-85b7-4a5d-8a55-dfde13bf31d5,lazylion795,sigma,NWskvS21,618ab8fefde0d1a7be6c68064d1f481e,1b8bdafb4219c74a32729b1761212bd412a40c1b,2c39f7b8fc0fda7dfc50b751d1d9f6eaba09abaef95f68a00bd4bb9e6af97b7c,1957-04-29T07:14:26.137Z,68,2010-04-27T20:18:43.329Z,15,,,https://randomuser.me/api/portraits/women/19.jpg,https://randomuser.me/api/portraits/med/women/19.jpg,https://randomuser.me/api/portraits/thumb/women/19.jpg
4,female,sadie.clarke@example.com,(254)-614-6045,(763)-175-8695,NZ,Ms,Sadie,Clarke,775,Wairere Drive,Palmerston North,Nelson,New Zealand,57369,-18.5680,-166.6374,-11:00,"Midway Island, Samoa",d51ce07e-ad09-4c60-9fc6-9c904ff99294,blackduck784,beer,GZ1WKgCV,ead87ed5364f7dccf814f201cb5814f2,7399cac5054806deb26542aa683c5733afe00c96,363805b7cd46c0ef63822723221394b53b2082c5208fb9350f233ec8f3f56bc1,1948-09-01T13:09:04.103Z,77,2017-06-24T20:42:45.872Z,8,,,https://randomuser.me/api/portraits/women/87.jpg,https://randomuser.me/api/portraits/med/women/87.jpg,https://randomuser.me/api/portraits/thumb/women/87.jpg
5,female,lilia.bustos@example.com,(699) 545 5593,(614) 693 0835,MX,Mrs,Lilia,Bustos,418,Pasaje Frías,Ahuacuotzingo,Baja California,Mexico,94891,70.5926,-70.6458,-8:00,Pacific Time (US & Canada),d4e10195-0f87-46f1-9a78-926de664de7c,happylion511,bulldogs,3BygJqDb,8751e541ace5ebbd3f1aabaaa8839e91,2a032bcb6bac834710266a9c1e9ab9d0fff077e5,6eed67a1735ac14aa6791c5c6be823be91c5b2b41701b75171b59c45cd811093,1961-08-11T10:39:20.850Z,64,2015-05-31T15:23:14.815Z,10,NSS,68 38 99 0145 4,https://randomuser.me/api/portraits/women/25.jpg,https://randomuser.me/api/portraits/med/women/25.jpg,https://randomuser.me/api/portraits/thumb/women/25.jpg
6,female,neea.laakso@example.com,04-043-874,047-905-51-62,FI,Ms,Neea,Laakso,8954,Hämeenkatu,Merikarvia,Tavastia Proper,Finland,11118,65.2052,33.2408,+11:00,"Magadan, Solomon Islands, New Caledonia",e5557360-06fb-4232-917e-48393a77c085,whitetiger921,mirage,rvOUqq4m,9bdb11e55ba15437a5df5460f96defca,209e03fd2f5e897fca8c0645981bebafad1d8bcd,7dc8086678c36838ff11bf4ad269cde86ca1f9a88c31bf127949463a57a21771,1948-02-28T01:21:58.670Z,77,2003-07-25T08:26:00.931Z,22,HETU,NaNNA932undefined,https://randomuser.me/api/portraits/women/18.jpg,https://randomuser.me/api/portraits/med/women/18.jpg,https://randomuser.me/api/portraits/thumb/women/18.jpg
7,female,kailey.bergstra@example.com,(0500) 120605,(06) 42433237,NL,Ms,Kailey,Bergstra,1805,De Vooruitgang,De Moer,Noord-Holland,Netherlands,4418 FR,40.7744,28.1706,+9:00,"Tokyo, Seoul, Osaka, Sapporo, Yakutsk",2732aabe-72d7-4f1d-804f-9d80f3ed6fd3,silvergorilla790,emilie,ybjlp1Dp,28cbb44b97e7684e925bb63d303e3d24,ff9d5eb43569b1fba0006d27339ec71aba719bcd,0008cb318f4d9a475bf82eefec449a0a062b6fa0d8781828cf61357d95dff2ae,1966-09-30T17:33:19.806Z,59,2011-06-20T20:18:37.766Z,14,BSN,96445438,https://randomuser.me/api/portraits/women/88.jpg,https://randomuser.me/api/portraits/med/women/88.jpg,https://randomuser.me/api/portraits/thumb/women/88.jpg
8,female,alla.grosser@example.com,0702-9711086,0178-0914242,DE,Ms,Alla,Grosser,9164,Birkenstraße,Hemmoor,Saarland,Germany,85512,67.5699,-40.6837,-10:00,Hawaii,a1c9ac42-5bdd-4c88-8363-cdeb49336310,blacktiger456,disney1,rnPwqTrI,a42e4c3bc020876ec8a57bf813415a9f,5db56a3bf66dfc91a71a711716ee875776df33d4,8af8dfc911a6ab174f6963b9267d7507782be484654e1b123521203b55e39930,1955-02-24T02:30:44.355Z,70,2014-02-04T22:26:03.507Z,11,SVNR,74 230255 G 801,https://randomuser.me/api/portraits/women/3.jpg,https://randomuser.me/api/portraits/med/women/3.jpg,https://randomuser.me/api/portraits/thumb/women/3.jpg
9,female,paige.doyle@example.com,051-968-2042,081-201-2313,IE,Ms,Paige,Doyle,941,Denny Street,Carrigtwohill,Dún Laoghaire–Rathdown,Ireland,69888,-33.7369,-126.9883,-3:00,"Brazil, Buenos Aires, Georgetown",5dd872f7-7834-48dc-8563-9192bbea0f1f,yellowswan957,motion,W6MQSm1X,a68a2dde09aa069489297f737942e1c2,d1741f1e8a3c9689326ff6bbe2b0f2f071d171c8,0669dbfa94d3b671e02b6c45dac336f7e91a02750d128f2b5217abd40398e2ed,1966-08-02T01:09:03.833Z,59,2002-08-01T17:55:49.926Z,23,PPS,1984680T,https://randomuser.me/api/portraits/women/59.jpg,https://randomuser.me/api/portraits/med/women/59.jpg,https://randomuser.me/api/portraits/thumb/women/59.jpg
10,female,ester.kurt@example.com,(0817) 576903,(06) 91506874,NL,Miss,Ester,Kurt,8408,Haytinksdijk,Heusden gem Asten,Friesland,Netherlands,5326 BD,-39.6529,151.4860,-7:00,Mountain Time (US & Canada),23b0038d-8ece-4d1a-91f9-788ddc917c22,whitefrog962,worthy,VjN2pOv3,5ee05423694cb9f1235dc66487a545f5,d7371f2b3c745dae7e528d6ed9f9634fd8d5b8ca,21bd057e7c0063a60298e819b8885b8bac5c8c61e055a94e0a1c254595e06e03,1965-04-22T17:38:41.511Z,60,2009-12-05T08:52:13.422Z,15,BSN,42603424,https://randomuser.me/api/portraits/women/27.jpg,https://randomuser.me/api/portraits/med/women/27.jpg,https://randomuser.me/api/portraits/thumb/women/27.jpg
11,female,yana.senchenko@example.com,(097) L56-6234,(099) M54-6470,UA,Mrs,Yana,Senchenko,6383,Mihaylika,Bahmach,Volinska,Ukraine,33581,-86.5823,-160.6094,-1:00,"Azores, Cape Verde Islands",fd761947-0268-474a-8fe8-7889e6369f51,sadbutterfly659,corolla,Iwx1QxWG,f37f568e09fdd8b71024b7932679dfb4,d84c412457f2bbf2d0049d8515d71fccff2dce2e,67a45cf446ed5f09902914a8515d32e881466039430a79b70ac46db55cc94e1c,1984-09-13T15:54:47.480Z,41,2014-04-28T23:57:30.994Z,11,,,https://randomuser.me/api/portraits/women/31.jpg,https://randomuser.me/api/portraits/med/women/31.jpg,https://randomuser.me/api/portraits/thumb/women/31.jpg
12,female,julia.fleury@example.com,03-59-36-32-63,06-84-89-67-40,FR,Mrs,Julia,Fleury,7397,Rue Pasteur,Aulnay-sous-Bois,Corrèze,France,14447,19.0360,152.0135,0:00,"Western Europe Time, London, Lisbon, Casablanca",ee013507-5dc6-4cf0-8829-3e45bf70fe26,tinyduck883,flames,SdPvlLSs,26f471919ab0749f28d7ae87a397ddd9,5138dc24c2bf711fd919e56eb188febbad3798d2,db81083744fa229c8cfdccf26b011d960b5a5dcf47224d51579915a8663e76cc,1952-11-29T02:10:29.061Z,72,2018-02-07T05:35:17.461Z,7,INSEE,2521058582007 13,https://randomuser.me/api/portraits/women/5.jpg,https://randomuser.me/api/portraits/med/women/5.jpg,https://randomuser.me/api/portraits/thumb/women/5.jpg
13,female,olivia.tremblay@example.com,C61 C74-9536,X35 K56-2697,CA,Mrs,Olivia,Tremblay,3091,22nd Ave,Bath,New Brunswick,Canada,T4X 8L1,33.7419,-177.2020,-6:00,"Central Time (US & Canada), Mexico City",8c737554-5cea-4678-a5e6-62d3a87c35c5,sadpanda572,hand,6Fb54JZo,fea59ea8778663afa75334746e5d40cf,a330172d08587e0847a78c7e3c86d023de1ac48c,acd6c11cab48c19e1b3322d4e61a2d693e8f522fee7e7f6f5cda591d8acb38d1,1959-09-14T05:21:37.069Z,66,2003-03-27T06:33:42.571Z,22,SIN,518432232,https://randomuser.me/api/portraits/women/66.jpg,https://randomuser.me/api/portraits/med/women/66.jpg,https://randomuser.me/api/portraits/thumb/women/66.jpg
14,female,angelique.garnier@example.com,079 123 09 17,078 864 05 77,CH,Mademoiselle,Angélique,Garnier,9180,Rue de L'Abbé-Carton,Tartegnin,Uri,Switzerland,6520,42.5369,-77.0097,+3:30,Tehran,842e6290-b03e-4c11-8d9c-0e36364d927e,whitesnake306,ronald1,kyZEaf2e,f32d61950b13ffc3a2d80899c47076f2,d6e241f022d2ee2c80066d71be45914f6ebe8a30,34e393ee1a4229c6f0d66f9a18fbf9534e01dfb6f832b2848a5f8591ed99c4ff,1982-02-20T21:40:45.337Z,43,2015-01-21T05:48:11.842Z,10,AVS,756.7631.4725.81,https://randomuser.me/api/portraits/women/93.jpg,https://randomuser.me/api/portraits/med/women/93.jpg,https://randomuser.me/api/portraits/thumb/women/93.jpg
15,female,aubree.martin@example.com,A73 S76-8804,T47 U36-2635,CA,Miss,Aubree,Martin,4904,Pierre Ave,Chatham,Northwest Territories,Canada,W4Q 7U1,-26.9336,-63.5522,+7:00,"Bangkok, Hanoi, Jakarta",8d91e0c4-4fd3-487b-bdbf-d46b1ea21515,angryostrich252,qazxsw,UH2R9kjz,e25663a76691cc8b234441f5e7478b33,e7332dbc7f3d85d7815d25ba6b690636001e1b4c,1bb3ae0ff8a387f82fb530b680237e3f88130299c70b80731f122e5e41be0961,1952-12-26T23:58:30.009Z,72,2005-02-19T19:59:21.510Z,20,SIN,496757840,https://randomuser.me/api/portraits/women/73.jpg,https://randomuser.me/api/portraits/med/women/73.jpg,https://randomuser.me/api/portraits/thumb/women/73.jpg
16,female,ada.fjellheim@example.com,76153176,45548673,NO,Ms,Ada,Fjellheim,5391,Bogerudslyngen,Noresund,Hedmark,Norway,1383,25.5072,86.5521,+4:00,"Abu Dhabi, Muscat, Baku, Tbilisi",8fa7c549-7d48-4dc3-b512-33ace9ab3dc9,sadmouse928,bongo,9zCJYnSe,de4f82f01b037aa180595a875365a955,1cfce6a0aa82c6fed44568160c536619de816c6c,cd9b846c098159a27c1d00f78e7a19b3692bbddf463c47108e90313223f0c48b,1954-04-08T13:15:14.867Z,71,2021-10-31T06:47:41.865Z,4,FN,08045447279,https://randomuser.me/api/portraits/women/19.jpg,https://randomuser.me/api/portraits/med/women/19.jpg,https://randomuser.me/api/portraits/thumb/women/19.jpg
17,female,paulette.morin@example.com,077 948 09 84,078 872 21 37,CH,Madame,Paulette,Morin,614,Avenue Jean-Jaurès,Schwendibach,Zug,Switzerland,8405,87.8152,136.2432,-3:30,Newfoundland,f609afad-4074-4401-b616-2ee7ac0a3c63,happyostrich900,phillip,xu3m3Pos,7631e9f9c54ce6de2a52bea861a99bfb,c88afbd6926356374291e1caa72c8e8a45cc8d76,189d9375bab7bfec6b06d39a6b9fe646452cd166278ca9bd175171275efb69ba,1963-06-05T21:37:14.358Z,62,2013-12-30T10:22:01.337Z,11,AVS,756.7958.1288.04,https://randomuser.me/api/portraits/women/29.jpg,https://randomuser.me/api/portraits/med/women/29.jpg,https://randomuser.me/api/portraits/thumb/women/29.jpg
18,female,carmen.alonso@example.com,970-310-142,662-437-842,ES,Mrs,Carmen,Alonso,1888,Calle de Tetuán,Valencia,Galicia,Spain,95060,17.9998,121.2815,-8:00,Pacific Time (US & Canada),69130ed8-1294-4a44-8fb0-65da19b7213c,beautifulcat495,mylife,7vrQyZw4,c0d1b8ea20726517e237e49f63b1ab05,fc19fc9684c825291261e04bb8592b493f7f2c49,35601d5d4534e16d98ecd60840519c63bed50ebf8ca4389ff5b77fd5590f2d38,1980-01-18T06:12:05.658Z,45,2019-01-06T17:37:47.162Z,6,DNI,27095143-W,https://randomuser.me/api/portraits/women/80.jpg,https://randomuser.me/api/portraits/med/women/80.jpg,https://randomuser.me/api/portraits/thumb/women/80.jpg
19,female,gabrielle.tokle@example.com,37670321,96979743,NO,Mrs,Gabrielle,Tokle,5004,Venåsvegen,Lyngdal,Møre og Romsdal,Norway,3811,10.7938,90.2569,-11:00,"Midway Island, Samoa",af158f18-09ec-4773-b047-368449016441,orangeostrich828,vanilla,KAxWI4uS,8ffcdc86f21459f8f0ff991fed512007,cabc0b1268c59a660054fa4dd5d38a75f6a283fe,a7e55c4b1775d6b8ced94d64f6d7a8de5aa77ef338430e48a4f8ed3e1ae7a156,1957-11-07T01:41:01.474Z,68,2005-03-14T19:55:34.697Z,20,FN,07115731003,https://randomuser.me/api/portraits/women/81.jpg,https://randomuser.me/api/portraits/med/women/81.jpg,https://randomuser.me/api/portraits/thumb/women/81.jpg
20,female,marica.strube@example.com,0493-4404964,0179-1435107,DE,Ms,Marica,Strube,8195,Blumenstraße,Spalt,Mecklenburg-Vorpommern,Germany,83540,-13.5885,-174.4111,+10:00,"Eastern Australia, Guam, Vladivostok",baf825c6-339b-4a3f-8839-0a8348aa7aed,heavybutterfly411,zorro,MgI4fhwz,af45bfa2061f1a60a9c1f2cb8f4f6c2c,9c284e4935dc25fa288b46c35fb6532d5d352910,d1d08d33735a37472b69143532c62d06812f6d35c9fc5100b1fdd5b46cbf6096,1977-07-03T07:52:14.177Z,48,2019-07-01T14:45:11.547Z,6,SVNR,44 030777 S 845,https://randomuser.me/api/portraits/women/24.jpg,https://randomuser.me/api/portraits/med/women/24.jpg,https://randomuser.me/api/portraits/thumb/women/24.jpg
21,female,pippa.turner@example.com,(192)-572-9240,(891)-655-0501,NZ,Miss,Pippa,Turner,1216,Halifax Street,Taupo,Otago,New Zealand,89149,11.1359,-49.0238,-6:00,"Central Time (US & Canada), Mexico City",6da6c84b-19b9-45a7-89a3-56f78797b135,lazybird933,colleen,n7fJrwZV,08d1f0e7c8c0b7844104fd159b473795,9daef9922312799f2274bb794d4cf064d6835b6c,ddb7359064b070fe313181a10c7ab9a0f90e0c5f198405a7aa5cf79d4bdd97fc,1975-06-21T13:17:13.181Z,50,2006-11-28T08:42:44.353Z,18,,,https://randomuser.me/api/portraits/women/29.jpg,https://randomuser.me/api/portraits/med/women/29.jpg,https://randomuser.me/api/portraits/thumb/women/29.jpg
22,female,domaha.bidnyak@example.com,(099) G85-9361,(098) A45-6060,UA,Ms,Domaha,Bidnyak,1976,Uborevicha,Pokrovsk,Hmelnicka,Ukraine,59262,-67.9684,66.8031,-1:00,"Azores, Cape Verde Islands",34036743-128c-48fb-aeda-c2654f3c23da,redcat647,balloon,nvKNat2i,d0838a70af1eb4579928c63f09f8a714,9caf3943d340ad4cfcbc0bc38ecd5287071ea4b0,1ae19ec9ccd433bbe24401e11e943bd035986763eb6f75f45740334062688fb2,1978-08-18T14:03:52.087Z,47,2020-01-23T17:01:23.825Z,5,,,https://randomuser.me/api/portraits/women/24.jpg,https://randomuser.me/api/portraits/med/women/24.jpg,https://randomuser.me/api/portraits/thumb/women/24.jpg
23,female,stella.walker@example.com,(977)-978-9623,(735)-080-9881,NZ,Ms,Stella,Walker,6908,Tamaki Drive,Hamilton,Wellington,New Zealand,51203,72.5431,44.9514,-7:00,Mountain Time (US & Canada),d1e7c80e-9687-4487-bf12-0b0a529b45e3,yellowlion200,rebels,74ZMx2DT,436bf473de29ca70f92e7b27dcc3c41e,fd5ed1976a30a3b8ee40e0a415845e81a5c02c6c,bce57ca82fd252360f4d3bd0bb2f0950bc4b0aa3853f07a5ff05507ae17f56b0,1984-10-19T06:00:41.335Z,41,2008-08-22T00:53:03.387Z,17,,,https://randomuser.me/api/portraits/women/69.jpg,https://randomuser.me/api/portraits/med/women/69.jpg,https://randomuser.me/api/portraits/thumb/women/69.jpg
24,female,alice.hansen@example.com,016977 88456,07367 298815,GB,Ms,Alice,Hansen,9439,The Grove,Newry,County Armagh,United Kingdom,TH38 4DS,-37.5402,-141.6526,+7:00,"Bangkok, Hanoi, Jakarta",463e83e1-1dee-4534-804c-e80ee9d36bb8,orangedog545,megane,geGfZP7h,f51b8c55645b3f035b7f6cda28c291b4,df581b60b4c3d7df12678e3708fb894ed857bf65,c60dc9b2c79ef151f189012f20b4a560edfd91a19969760d3d7581e44a667665,1974-03-18T22:20:58.427Z,51,2015-01-13T21:44:45.936Z,10,NINO,XN 08 97 17 E,https://randomuser.me/api/portraits/women/93.jpg,https://randomuser.me/api/portraits/med/women/93.jpg,https://randomuser.me/api/portraits/thumb/women/93.jpg
25,female,victoire.marie@example.com,05-57-75-37-64,06-02-46-40-25,FR,Mrs,Victoire,Marie,4896,Place du 22 Novembre 1943,Pau,Guyane,France,70723,-13.8970,151.7827,+4:00,"Abu Dhabi, Muscat, Baku, Tbilisi",c724ba49-7ddb-47ca-9b28-0724cdaf92c0,crazytiger488,luck,Bp3VLNPK,1d2c0c25b295d64d7b364a6fb0db1df0,48447f8b267dc82ffd00bdf39d6f0761274be868,5ae2b0faf6887b4be3625d3a5082ca52b672d33660b5f6b797a00326350e970c,1976-07-20T00:47:12.872Z,49,2008-02-28T12:52:36.891Z,17,INSEE,2760674611695 81,https://randomuser.me/api/portraits/women/0.jpg,https://randomuser.me/api/portraits/med/women/0.jpg,https://randomuser.me/api/portraits/thumb/women/0.jpg
26,female,marie-christine.fleury@example.com,078 282 81 79,078 484 27 61,CH,Mademoiselle,Marie-Christine,Fleury,8015,Rue de L'Abbé-De-L'Épée,Hüttikon,Jura,Switzerland,7532,60.9011,-12.5651,+7:00,"Bangkok, Hanoi, Jakarta",f2d15a9e-8dc2-426d-b01d-1ced3aaf69d2,orangegoose621,record,OBk5tuSN,168589c70fec7d37ef984cd34fdd6514,23326063439581ec1852285356c9c9af38335f6b,edeec01b6b8109e9547b10872eb5a2fdeb69e126ecae3d25b49ea08fd5ebcbc6,1959-06-24T19:16:28.468Z,66,2005-08-24T21:41:33.093Z,20,AVS,756.3458.8663.25,https://randomuser.me/api/portraits/women/64.jpg,https://randomuser.me/api/portraits/med/women/64.jpg,https://randomuser.me/api/portraits/thumb/women/64.jpg
27,female,laerke.moller@example.com,24860742,89573101,DK,Ms,Lærke,Møller,1092,Kornblomstvej,Saltum,Midtjylland,Denmark,59392,-49.6578,-36.2398,-5:00,"Eastern Time (US & Canada), Bogota, Lima",0f1ccdb6-08bc-4c96-b7c3-8c1292a1d7b2,lazydog757,clowns,6qMU8Srl,bbfae26287901876c4991e94bc8e7ea9,45d9777c7dd28feca5e67ffe3c4b2b861ef61d97,204bf79a79f7c125ca8106a0cb7538b1eebc74204eee21da56521c3d8d51ca23,1951-05-14T04:56:24.274Z,74,2013-06-18T09:10:17.731Z,12,CPR,130551-5065,https://randomuser.me/api/portraits/women/61.jpg,https://randomuser.me/api/portraits/med/women/61.jpg,https://randomuser.me/api/portraits/thumb/women/61.jpg
28,female,carolin.hielscher@example.com,0297-9400940,0172-9127128,DE,Ms,Carolin,Hielscher,7229,Drosselweg,Essen,Bayern,Germany,66193,-13.6057,-77.9442,-10:00,Hawaii,c8dbf226-b0a2-422c-8c5b-badd07b6cc69,angrydog927,mushroom,oIAoRgQ0,277644db3e349948adbe1da812f22320,c1ad8ea79ab248af51ff9c5489f9aef4d0b7db6e,6e4be8ef4694cd3a425f3d277662b9d166d318aaef41bd34f6df53c013144157,1969-11-28T12:47:19.624Z,55,2015-06-25T21:01:25.872Z,10,SVNR,26 281169 H 711,https://randomuser.me/api/portraits/women/8.jpg,https://randomuser.me/api/portraits/med/women/8.jpg,https://randomuser.me/api/portraits/thumb/women/8.jpg
29,female,ninon.henry@example.com,05-42-11-43-09,06-50-75-95-95,FR,Miss,Ninon,Henry,7601,Rue Abel,Rueil-Malmaison,Cher,France,93534,-45.7962,56.6335,+3:00,"Baghdad, Riyadh, Moscow, St. Petersburg",584ca6ec-27d2-4616-9d5b-d085bc2138a7,angryduck201,swimmer,mTExz2IK,2ea7e716fc674885002b4b3757692b5c,d77c9f254082bab173bdc1e80851d1d7ad4163c8,fa7cbd27cb468bdb308f3e0c97d1a94902bdecdddb889a9870061f17b1ebfccc,1954-09-20T06:35:12.820Z,71,2014-02-07T15:22:12.819Z,11,INSEE,2540822704698 93,https://randomuser.me/api/portraits/women/60.jpg,https://randomuser.me/api/portraits/med/women/60.jpg,https://randomuser.me/api/portraits/thumb/women/60.jpg
30,female,elsa.salo@example.com,06-024-225,044-327-36-55,FI,Miss,Elsa,Salo,8266,Pispalan Valtatie,Eura,Southern Savonia,Finland,26835,-68.4896,-1.9114,-5:00,"Eastern Time (US & Canada), Bogota, Lima",2cb130c5-3da6-4c56-9ace-f652c54e97b4,crazypeacock740,christopher,lLt6t0y3,ef9bab6f429bf2652db5c7d050abc360,689aa6ff1bec1b4684fd5ca8e2c09ad0cab7ec06,549e4c5d81ff0c14feeeb39cf85d25740656f936f9e3d4481712bb8b4b2463ad,1979-12-22T03:54:50.098Z,45,2012-04-28T16:48:35.035Z,13,HETU,NaNNA526undefined,https://randomuser.me/api/portraits/women/45.jpg,https://randomuser.me/api/portraits/med/women/45.jpg,https://randomuser.me/api/portraits/thumb/women/45.jpg
31,female,nathalja.tencate@example.com,(0440) 828225,(06) 82327394,NL,Mrs,Nathalja,Ten Cate,3262,Abraham Steenhagenstraat,Berlicum Nb,Utrecht,Netherlands,0546 UI,25.5676,79.1879,-4:00,"Atlantic Time (Canada), Caracas, La Paz",c2ce03ca-8195-4ef6-b9c3-b12b9e2f3ba2,blacksnake543,rick,tiDsoLbk,b7c43d46d75869f95dc715060fcd95df,6294a1bbf1b2755d56efbae66d48a83a424faaee,a9e17c5a8f259ef324dc1cc48c94dfd56ac1ed3fcfb3fd88a96a29642668887f,1971-06-25T14:22:56.964Z,54,2020-07-09T14:55:24.695Z,5,BSN,11622893,https://randomuser.me/api/portraits/women/43.jpg,https://randomuser.me/api/portraits/med/women/43.jpg,https://randomuser.me/api/portraits/thumb/women/43.jpg
32,female,vanessa.martinez@example.com,07-4924-9890,0415-053-535,AU,Ms,Vanessa,Martinez,7083,Nowlin Rd,Bundaberg,Queensland,Australia,6647,59.1866,-146.6732,-12:00,"Eniwetok, Kwajalein",75e20723-aeaf-4f54-a6d5-ea1279ddb163,orangerabbit258,allan,SX7aGAhH,0937cadb51f3cbab5d17fe46d4256600,2ab04c75b4cae383aee7c2aa2d1c4838e65ca90c,faeadf95fed4cc3259dc7db3723e5a807c5764ed763bce6c1ee50b9aefff165d,1982-01-09T20:56:41.604Z,43,2015-09-25T02:45:04.761Z,10,TFN,197101224,https://randomuser.me/api/portraits/women/81.jpg,https://randomuser.me/api/portraits/med/women/81.jpg,https://randomuser.me/api/portraits/thumb/women/81.jpg
33,female,clara.thomsen@example.com,35702786,53182912,DK,Mrs,Clara,Thomsen,6944,Højvang,Randers Nø,Danmark,Denmark,11547,7.6686,-104.3815,+8:00,"Beijing, Perth, Singapore, Hong Kong",f3669352-3542-4f8f-8751-0d68222e74ca,beautifultiger634,sheriff,MT9IprnB,dab33fcd7e9f8c9f6338ff5ae569176a,f31ed24509a36bfef840067455e6a05af2b3aab1,fc77d80b018d28063c3aac65e7141c8227e73ad5f58e7f505f4d2d17dacca206,1959-05-09T08:47:31.567Z,66,2006-06-20T23:05:53.211Z,19,CPR,090559-6525,https://randomuser.me/api/portraits/women/8.jpg,https://randomuser.me/api/portraits/med/women/8.jpg,https://randomuser.me/api/portraits/thumb/women/8.jpg
34,female,eden.moore@example.com,(211)-085-0216,(489)-358-0796,NZ,Miss,Eden,Moore,7023,Panama Road,Palmerston North,Waikato,New Zealand,46102,-74.1068,-99.2579,-3:30,Newfoundland,76394bd1-a524-4aeb-aea8-72c2215515e5,silverfish271,deerhunt,2LEv1dGp,379e492b5be9866b307672eaa23dd808,a636bdbe01100e0bcb3e0586f934938a726e4904,17a2560b83023f810935190ba96e11c673ff7cbe0cc620d238cb9148740b4d4f,1971-10-03T08:15:37.844Z,54,2003-01-13T06:36:41.572Z,22,,,https://randomuser.me/api/portraits/women/47.jpg,https://randomuser.me/api/portraits/med/women/47.jpg,https://randomuser.me/api/portraits/thumb/women/47.jpg
35,female,rusyava.mizerniy@example.com,(098) T13-6623,(066) Z70-2165,UA,Miss,Rusyava,Mizerniy,4256,Volodimira Lozheshnikova,Borispil,Volinska,Ukraine,57239,-52.4347,-33.6909,+4:00,"Abu Dhabi, Muscat, Baku, Tbilisi",312e7b5e-f5d1-487b-ac1b-e5e708e76396,yellowswan210,hotred,oavBG9Mc,dcf149e499c94833bdfc1f7d34ef8951,7f85254be426c89cd95a46d3b5d35bedddce1906,bc4d817e8f6cf8b07695bc9ccca526fffc01e84be83e7050dba47448946b3e87,1969-03-15T20:20:20.467Z,56,2013-06-06T13:29:12.354Z,12,,,https://randomuser.me/api/portraits/women/82.jpg,https://randomuser.me/api/portraits/med/women/82.jpg,https://randomuser.me/api/portraits/thumb/women/82.jpg
36,female,juliette.adam@example.com,01-83-28-40-81,06-22-46-14-31,FR,Miss,Juliette,Adam,5674,Rue Laure-Diebold,Dunkerque,Ardennes,France,17123,21.5100,157.6157,+1:00,"Brussels, Copenhagen, Madrid, Paris",da85a1b0-87be-48f6-8c38-cb4ff2010104,blueelephant721,geheim,1JixhNyp,3b4fdd60dcc2eb971a7398c2dd0444ba,621239f654081d18d2a26e1c29789d40de16e3af,b8042da8c72ebf80ede265f49def0d5a6e9354959c074a799d5d384998181348,1982-12-10T01:08:41.526Z,42,2009-03-16T08:25:29.188Z,16,INSEE,2821167680533 88,https://randomuser.me/api/portraits/women/9.jpg,https://randomuser.me/api/portraits/med/women/9.jpg,https://randomuser.me/api/portraits/thumb/women/9.jpg
37,female,leah.tharaldsen@example.com,86652570,49346405,NO,Mrs,Leah,Tharaldsen,7792,Bakkerudveien,Berlevåg,Sør-Trøndelag,Norway,5544,21.2788,110.1587,+3:00,"Baghdad, Riyadh, Moscow, St. Petersburg",c30de823-efd3-4ac9-ad8d-a627eb3aaecf,lazygoose436,larry1,UG9dwodF,40294b21cab95decd159007a0efbbd94,abc857fecd2fbbbab699005dbc412f15bfe763e6,84e4c267a2f93fb7fece51e7ae067bf13b6489e036b1d402c7cb0a554d28a247,1958-10-13T08:56:21.889Z,67,2016-09-05T15:29:19.300Z,9,FN,13105822809,https://randomuser.me/api/portraits/women/82.jpg,https://randomuser.me/api/portraits/med/women/82.jpg,https://randomuser.me/api/portraits/thumb/women/82.jpg
38,female,latife.alniacik@example.com,(077)-313-5767,(229)-576-6300,TR,Mrs,Latife,Alnıaçık,4220,Talak Göktepe Cd,Çankırı,Karaman,Turkey,28713,-33.5946,25.6845,+2:00,"Kaliningrad, South Africa",20c6b856-e986-45d8-9f12-1e0889ff149b,tinyelephant833,netscape,dK0nC5T4,04f3109eb0c41e416862b32774623bf1,f41997f0ad49d1df922148b7cd443b4c5a1c7181,3d8fff3144760ede1a534c0468b88e9fcbe0fbd323a6bf8b531a653387ecd40f,1952-07-18T13:26:58.832Z,73,2017-10-01T17:16:56.050Z,8,,,https://randomuser.me/api/portraits/women/72.jpg,https://randomuser.me/api/portraits/med/women/72.jpg,https://randomuser.me/api/portraits/thumb/women/72.jpg
39,female,sr.qsmy@example.com,013-56790003,0930-846-2794,IR,Mrs,سارا,قاسمی,5419,نبرد,آبادان,اردبیل,Iran,48074,-58.9709,-77.9251,-6:00,"Central Time (US & Canada), Mexico City",b3945f36-0035-46ab-a7a3-11947bcecc03,whitefish973,keller,Q9U7dbdK,9451c50f4f10c934c5b11240cee4e7b7,88146df5ddb54b35a542e8e0f70ea9279a483d2c,52e1d53339c774d47950b19d91efd6e373cc4aaafb7d04b5311dea90bca23f03,1968-02-10T11:50:29.940Z,57,2003-04-20T04:27:23.209Z,22,,,https://randomuser.me/api/portraits/women/18.jpg,https://randomuser.me/api/portraits/med/women/18.jpg,https://randomuser.me/api/portraits/thumb/women/18.jpg
40,female,asa.brynjulfsen@example.com,61522747,49239024,NO,Miss,Åsa,Brynjulfsen,8687,Mortensrudveien,Hausvik,Nord-Trøndelag,Norway,2682,-68.1199,-55.3059,+3:00,"Baghdad, Riyadh, Moscow, St. Petersburg",b9e3f194-5dc3-470e-8342-e39c3e470de2,blackduck515,neng,GvjQudW0,6524b6bb4c571e8ece0976bd6ae02d3a,95b89cbbaf6d6fe355744b83ba70283ebb876d77,5e16068836d7029acd709848b6e2c355909dccbe38a230b1816a15d0a2ff72c2,1956-01-21T10:09:36.718Z,69,2012-05-22T07:28:30.412Z,13,FN,21015619241,https://randomuser.me/api/portraits/women/84.jpg,https://randomuser.me/api/portraits/med/women/84.jpg,https://randomuser.me/api/portraits/thumb/women/84.jpg
41,female,veronica.diez@example.com,986-762-939,696-434-820,ES,Mrs,Verónica,Diez,360,Paseo de Extremadura,Valladolid,Extremadura,Spain,53796,-66.7429,175.4830,-2:00,Mid-Atlantic,b05d7149-660c-48d0-9c3d-5461e3e22c53,tinyladybug441,estrella,7i7e4AEp,2a8179ea398d75f5f609c0ba2c7a7ec5,d87a3ea1a4d70ebc7fd9058de7bda937e40766e8,210e7606b0073da940e494decc2618cd632203a301dbde6c9e7a6a809bd83d9d,1970-07-06T22:44:29.126Z,55,2013-03-04T02:18:46.977Z,12,DNI,27770703-W,https://randomuser.me/api/portraits/women/50.jpg,https://randomuser.me/api/portraits/med/women/50.jpg,https://randomuser.me/api/portraits/thumb/women/50.jpg
42,female,sarah.french@example.com,I44 K89-1404,I62 D99-7886,CA,Ms,Sarah,French,5479,Bay Ave,Stirling,Alberta,Canada,W2M 8D1,81.7015,60.1612,+3:30,Tehran,f9a39fed-d6ea-4a35-ab84-b2fc4e5e1160,heavybear975,456654,8S8t4C9J,641ba7e2cfdfccd3b0699770f473cf76,0fb5c05d32bb21937272f1f4f208bd4b7ed24734,9dbb1bd81944c1560af8a7191c1667a4fb9e14cc408b898179db9158f8256634,1970-02-19T14:27:02.348Z,55,2010-01-11T04:27:50.503Z,15,SIN,313767980,https://randomuser.me/api/portraits/women/56.jpg,https://randomuser.me/api/portraits/med/women/56.jpg,https://randomuser.me/api/portraits/thumb/women/56.jpg
43,female,olena.brust@example.com,0765-3805700,0177-6890033,DE,Miss,Olena,Brust,5790,Ahornweg,Zörbig,Brandenburg,Germany,35521,0.6564,-15.6900,-11:00,"Midway Island, Samoa",905ddfe9-2b11-481d-af29-8278af338fdc,organicsnake814,rrrrrrrr,eX0p2RNa,46bcb1eca0730196b7ebb57bca3705da,cb50ec73a423eb5a539dc86d433b3849ebf70ef6,fc3f95339bbdb72d905c257bc4b9673b2853bdd48a0c6826fe4ffff53329da07,1952-10-18T08:58:08.723Z,73,2017-11-23T13:18:17.726Z,8,SVNR,25 181052 B 959,https://randomuser.me/api/portraits/women/94.jpg,https://randomuser.me/api/portraits/med/women/94.jpg,https://randomuser.me/api/portraits/thumb/women/94.jpg
44,female,zhr.hsyny@example.com,012-41411669,0991-801-3475,IR,Mrs,زهرا,حسینی,2192,خاوران,رشت,لرستان,Iran,90051,67.2467,91.5114,-1:00,"Azores, Cape Verde Islands",76cf9897-4a5a-473e-89aa-984e6840f8cb,ticklishostrich230,somerset,Qc63IhDU,1010195929b67a0b6b71a3c9f1133664,7f4b3d1e9ed4a2c90067140ff6be5872d23c8115,219b40c0014ce9eac3efc8b28876dcf9d08558e132215f14d77fc1a984c0fff1,1974-05-07T13:04:15.932Z,51,2010-08-01T03:15:24.839Z,15,,,https://randomuser.me/api/portraits/women/3.jpg,https://randomuser.me/api/portraits/med/women/3.jpg,https://randomuser.me/api/portraits/thumb/women/3.jpg
45,female,chanou.roeten@example.com,(014) 7132951,(06) 38048929,NL,Mrs,Chanou,Roeten,5915,Jan van Loonslaan,2e Valthermond,Flevoland,Netherlands,1468 ER,-51.6602,26.5837,-1:00,"Azores, Cape Verde Islands",f6f60901-665e-401b-9240-eeab533febb0,ticklishleopard977,spartan,1eyCGysN,c08a052d58c668864c465462b16d8f5b,8d01a50a7502bbd3a3232dfa67da059dffb52271,2e93a7da60c9acac2ca506dabe6135629e4b44705b5b40b567093c47cef20352,1965-07-28T16:18:14.317Z,60,2004-08-15T07:14:01.624Z,21,BSN,62080418,https://randomuser.me/api/portraits/women/35.jpg,https://randomuser.me/api/portraits/med/women/35.jpg,https://randomuser.me/api/portraits/thumb/women/35.jpg
46,female,taahira.adiga@example.com,8543614155,8545964270,IN,Mrs,Taahira,Adiga,9825,Fontainhas,Hazaribagh,Karnataka,India,50598,85.6314,-143.1240,+4:30,Kabul,1504c926-852d-4a42-9c86-68a72e55bab8,greenbutterfly485,bronze,wrY7OnmL,e6cac9f618d1a2175da423f04efca929,cb1652e23422dd0000a71638f27d582edca421c2,d2abf71be11e46e6c54485abc2ac9117dcabc1efc1231ab32072dcb43c7b8095,1977-11-11T17:50:51.603Z,48,2004-02-01T01:03:58.341Z,21,UIDAI,458449062800,https://randomuser.me/api/portraits/women/89.jpg,https://randomuser.me/api/portraits/med/women/89.jpg,https://randomuser.me/api/portraits/thumb/women/89.jpg
47,female,melina.jevtic@example.com,027-0144-696,063-3373-583,RS,Mrs,Melina,Jevtić,7480,Belasička,Crna Trava,Moravica,Serbia,33089,-48.4051,116.8129,-10:00,Hawaii,f8b51028-0b93-4d25-a1b3-3193863b1afa,beautifulleopard800,fergus,mheCKhZF,fa81586b9eda40e82ae4f2162c9d70df,582e5980c7cb4b8e879eade25911a03271ffdfcb,6e33e19f219510d57f68be7af047b4ba4c5566d1c14ed609c2cf88fc4b2f30ca,1970-08-11T23:08:21.917Z,55,2005-12-18T00:22:40.172Z,19,SID,306892083,https://randomuser.me/api/portraits/women/63.jpg,https://randomuser.me/api/portraits/med/women/63.jpg,https://randomuser.me/api/portraits/thumb/women/63.jpg
